Bat,Cap,Pump,Jursy,Ball,Chess,Carrom
Bat,Cap,Wicket,Ball,Jursy,Vollyball,Football
Bat,Cap,Wicket,Ball,Vollyball,Chess,Football
Bat,Cap,Ball,Jursy,Pump,Wicket,Chess,Football
Bat,Cap,Wicket,Jursy,Ball,Pump,Carrom
Pump,Wicket,Ball,Chess,Carrom
Bat,Pump,Wicket,Cap,Ball,Vollyball,Carrom
Bat,Cap,Wicket,Ball,Pump,Chess,Football
Cap,Wicket,Ball,Jursy,Chess,Carrom
Cap,Ball,Jursy,Vollyball,Chess,Carrom
Cap,Jursy,Vollyball,Chess,Football
Bat,Cap,Wicket,Ball,Vollyball,Football,Carrom
Bat,Cap,Wicket,Ball,Chess,Football
Bat,Cap,Ball,Wicket,Jursy,Chess,Carrom
Bat,Pump,Wicket,Ball,Jursy,Vollyball,Carrom
Pump,Wicket,Jursy,Vollyball,Chess,Football,Carrom
Bat,Wicket,Ball,Jursy,Vollyball,Chess,Football,Carrom
Cap,Wicket,Jursy,Vollyball,Chess
Bat,Pump,Wicket,Cap,Chess,Football,Carrom
Bat,Cap,Wicket,Ball,Jursy,Pump,Vollyball
Bat,Pump,Wicket,Ball,Football,Carrom
Bat,Pump,Ball,Jursy,Cap,Vollyball,Football,Carrom
Bat,Pump,Wicket,Ball,Football,Carrom
Bat,Ball,Wicket,Vollyball,Football
Bat,Pump,Ball,Jursy,Wicket,Football,Carrom